{
  "images" : [
    {
      "idiom" : "universal",
      "scale" : "1x",
      "filename" : "Contact_ipad@1x.png"
    },
    {
      "idiom" : "universal",
      "scale" : "2x",
      "filename" : "Contact_ipad@2x.png"
    },
    {
      "idiom" : "universal",
      "scale" : "3x",
      "filename" : "Contact_ipad@3x.png"
    },
    {
      "idiom" : "universal",
      "filename" : "Contact@1x.png",
      "widthClass" : "compact",
      "scale" : "1x"
    },
    {
      "idiom" : "universal",
      "filename" : "Contact@2x.png",
      "widthClass" : "compact",
      "scale" : "2x"
    },
    {
      "idiom" : "universal",
      "filename" : "Contact@3x.png",
      "widthClass" : "compact",
      "scale" : "3x"
    }
  ],
  "info" : {
    "version" : 1,
    "author" : "xcode"
  }
}