{
  "images" : [
    {
      "idiom" : "iphone",
      "scale" : "1x",
      "filename" : "Contact@1x.png"
    },
    {
      "idiom" : "iphone",
      "scale" : "2x",
      "filename" : "Contact@2x.png"
    },
    {
      "idiom" : "iphone",
      "scale" : "3x",
      "filename" : "Contact@3x.png"
    },
    {
      "idiom" : "ipad",
      "scale" : "1x",
      "filename" : "Contact_ipad@1x.png"
    },
    {
      "idiom" : "ipad",
      "scale" : "2x",
      "filename" : "Contact_ipad@2x.png"
    }
  ],
  "info" : {
    "version" : 1,
    "author" : "xcode"
  }
}